[{
	"ID": "e8d89b23-c6b8-4257-b791-fdcf32d994d4",
	"Name": "Name 1",
	"EntryDate": "/Date(1031434374000)/",
	"DueDate": "/Date(1486420374000)/",
	"Description": "Description 1",
	"Status": "New",
	"__metadata": {
		"uri": "Tasks(guid'e8d89b23-c6b8-4257-b791-fdcf32d994d4')",
		"type": "S1.Task"
	},
	"Priority":0
}, {
	"ID": "c34fb2c4-2bdd-4248-a58e-ada7d5ec6eab",
	"Name": "Name 2",
	"EntryDate": "/Date(1451687574000)/",
	"DueDate": "/Date(1545863574000)/",
	"Description": "Description 2",
	"Status": "InWork",
	"__metadata": {
		"uri": "Tasks(guid'c34fb2c4-2bdd-4248-a58e-ada7d5ec6eab')",
		"type": "S1.Task"
	},
	"Priority":1
}, {
	"ID": "72b8fde1-8992-4727-a8c7-f3443c137e8e",
	"Name": "Name 3",
	"EntryDate": "/Date(1130016774000)/",
	"DueDate": "/Date(1302125574000)/",
	"Description": "Description 3",
	"Status": "InWork",
	"__metadata": {
		"uri": "Tasks(guid'72b8fde1-8992-4727-a8c7-f3443c137e8e')",
		"type": "S1.Task"
	},
	"Priority":2
}, {
	"ID": "c5426470-ce49-436d-aaf6-f4776d9ef0da",
	"Name": "Name 4",
	"EntryDate": "/Date(1476999174000)/",
	"DueDate": "/Date(1424039574000)/",
	"Description": "Description 4",
	"Status": "InWork",
	"__metadata": {
		"uri": "Tasks(guid'c5426470-ce49-436d-aaf6-f4776d9ef0da')",
		"type": "S1.Task"
	},
	"Priority":3
}, {
	"ID": "5a241676-8d35-450a-b9c4-0a8db7812563",
	"Name": "Name 5",
	"EntryDate": "/Date(1028237574000)/",
	"DueDate": "/Date(1460928774000)/",
	"Description": "Description 5",
	"Status": "InWork",
	"__metadata": {
		"uri": "Tasks(guid'5a241676-8d35-450a-b9c4-0a8db7812563')",
		"type": "S1.Task"
	},
	"Priority":4
}, {
	"ID": "0df9bd0c-6f50-4ffc-8d32-c4fe54f4d057",
	"Name": "Name 6",
	"EntryDate": "/Date(1357597974000)/",
	"DueDate": "/Date(1127165574000)/",
	"Description": "Description 6",
	"Status": "InWork",
	"__metadata": {
		"uri": "Tasks(guid'0df9bd0c-6f50-4ffc-8d32-c4fe54f4d057')",
		"type": "S1.Task"
	},
	"Priority":5
}, {
	"ID": "cd9de0ec-6ab6-462d-8d92-123d128af7b7",
	"Name": "Name 7",
	"EntryDate": "/Date(1018301574000)/",
	"DueDate": "/Date(1133908374000)/",
	"Description": "Description 7",
	"Status": "InWork",
	"__metadata": {
		"uri": "Tasks(guid'cd9de0ec-6ab6-462d-8d92-123d128af7b7')",
		"type": "S1.Task"
	},
	"Priority":6
}, {
	"ID": "fe256d73-06e5-4851-9b95-9fd3430ac4e9",
	"Name": "Name 8",
	"EntryDate": "/Date(950826774000)/",
	"DueDate": "/Date(974759574000)/",
	"Description": "Description 8",
	"Status": "Completed",
	"__metadata": {
		"uri": "Tasks(guid'fe256d73-06e5-4851-9b95-9fd3430ac4e9')",
		"type": "S1.Task"
	},
	"Priority":7
}, {
	"ID": "acee9dff-08a0-4582-aa98-d0bffcbac2eb",
	"Name": "Name 9",
	"EntryDate": "/Date(1274823174000)/",
	"DueDate": "/Date(1085866374000)/",
	"Description": "Description 9",
	"Status": "Completed",
	"__metadata": {
		"uri": "Tasks(guid'acee9dff-08a0-4582-aa98-d0bffcbac2eb')",
		"type": "S1.Task"
	},
	"Priority":8
}, {
	"ID": "d8758166-ade4-4131-b98a-8304def84495",
	"Name": "Name 10",
	"EntryDate": "/Date(1023485574000)/",
	"DueDate": "/Date(1242336774000)/",
	"Description": "Description 10",
	"Status": "Completed",
	"__metadata": {
		"uri": "Tasks(guid'd8758166-ade4-4131-b98a-8304def84495')",
		"type": "S1.Task"
	},
	"Priority":9
}]